filename,width,height,ActionsDescription,AgeGroup,BodyPosture,BustSize,ClothingCategory,FacialExpression,GeneralLocation,HairColor,HairStyle,ImageType,PersonOrientation,PhotoDescription,Physique,ShotContextFocus,SkinTone,WornAccessories,status
4029786353dk9kis0,601,832,The person in the image is smiling and posing for a picture.,Young adult,Sexy pose,Large,No,Smiling,Indoors,Blonde,Straight,Portrait,Front,A woman with blonde hair wearing a red lace top and red off-the-shoulder top. She is smiling and looking at the camera.,No idea,Face,Light,No,to_review
0914579451hkuakm4,523,565,The person in the image is sitting on a couch and posing in a provocative manner.,No idea,Sexy pose,Small,No,Frowning,Indoors,No idea,No,Erotic,Front,"A woman is sitting on a couch with her legs crossed. She is wearing glasses and appears to be naked. The couch is positioned in front of a window, and there are two potted plants nearby.",No idea,Chest,Light,No,to_review
30144854534iyburx,610,518,The person in the image is laying down and smiling.,Young adult,Lying down,Small,Topless,Smiling,Indoors,Brown,Straight,Portrait,Front,A woman with a leopard print bikini top and fishnet stockings is smiling and posing for a picture.,No idea,Face,Light,Earrings,to_review
3614528749ny1fved,699,900,The person in the image is taking a selfie or a picture of herself while lying in bed.,Teenager,No idea,Small,Tops,Neutral,Indoors,Brown,Straight,Close-up,Front,"A woman with long hair is lying on a bed, looking at the camera. She has her eyes closed and appears to be posing for a picture.",No idea,Face,Light,No,to_review
2429736124977zll7,696,931,The person in the image is laying down and showing off their breasts.,Teenager,Exposing,Small,No,No idea,Indoors,No idea,No information,Close-up,Front,"A woman is lying on a bed with her body covered in blue fabric. She has her breasts exposed, and her body is partially covered by the fabric.",No idea,Chest,Light,No,to_review
072448324po6cp8y,626,720,"The person in the image is taking a selfie, capturing their own intimate and private moment.",Teenager,No,Small,No,Neutral,Indoors,No idea,No,Close-up,Front,A person wearing a black and white lace dress and black stockings is shown in the image.,No idea,Butt,Light,No,to_review
5112640207obwtqm9,795,744,The person in the image is bending over and looking at their butt.,Teenager,No,Small,Toeless,Neutral,Indoors,No idea,No,Close-up,No,"The image shows a close-up view of a person's butt, with the person wearing a denim skirt. The skirt appears to be frayed, giving it a casual and relaxed vibe. The person's body is partially visible, with only their lower half showing.",No,Butt,Light,No,to_review
5623322328i7xvd0z,604,831,"The person in the image is taking a selfie, likely in a bathroom setting.",Middle-aged,Sexy pose,Small,Topless,No idea,Bathroom,No idea,No idea,Candid,Front,"A woman wearing a black hat is taking a selfie in a bathroom. She is wearing a bikini top and appears to be posing for the camera. The bathroom has a towel hanging on the wall, and there is a green bag placed on the floor.",No idea,Face,Light,Hat,to_review
162962381370bxi7i,567,906,"The person in the image is posing for a picture, with their legs and feet visible.",Young adult,Sexy pose,Small,No,Neutral,Bathroom,No idea,No idea,Portrait,Front,"A woman wearing a black dress is standing in front of a mirror, with her legs crossed and her dress partially unbuttoned. She is wearing high heels and appears to be posing for a photo.",No idea,Legs,Light,No,to_review
4948463264nxv28w,525,682,"The person in the image is posing for a picture, showing their bare chest and inner body parts.",No idea,Sexy pose,Small,No,Neutral,Indoors,No idea,No,Close-up,Front,"A person is standing in a room with their body exposed, showing their inner parts.",No idea,Chest,Light,No,to_review
4829730332bczz0ir,673,537,The person in the image is laying on a bed and showing off her underwear.,Teenager,Sexy pose,Small,No,Neutral,Bedroom,Blonde,Wavy,Erotic,Front,"A woman is lying on a bed with her legs in the air. She is wearing a white bra and appears to be posing for the camera. The bed is covered with a purple blanket, and there are several books scattered around the room.",No idea,Butt,Light,Glasses,to_review
0922562317ycl2ntc,620,841,"The person in the image is taking a selfie, showing their chest and upper body.",No idea,No,Small,No,Neutral,Indoors,No idea,No idea,Candid,Front,A woman is taking a selfie with her eyes closed. She is wearing only a bra and has a red mark on her breast.,No idea,Face,Light,No,to_review
50296206170wxpyig,545,540,"The person in the image is posing for a picture, with her breasts exposed.",Middle-aged,Exposing,Large,No,Smiling,Indoors,Black,Wavy,Portrait,Front,A woman with dark hair and a big smile on her face.,No idea,Face,Light,No,to_review
513249144948tcp8w,516,567,"The person in the image is taking a selfie, specifically a close-up of her chest.",Young adult,Exposing,Large,Fully nude,Neutral,Indoors,Brown,Wavy,Portrait,Front,A woman with brown hair and red lipstick is wearing a black top and looking directly at the camera.,No idea,Face,Light,No,to_review
4812432109h6o7bpw,673,918,"The person in the image is lying naked on a couch, posing for a picture.",Young adult,Sexy pose,Small,No,No idea,Indoors,Brown,No idea,Portrait,Front,"A woman with red hair is lying on a couch, posing for a picture. She is wearing a red lipstick and has a smile on her face. The couch has a floral pattern, and there are two pillows on it.",No idea,Face,Light,No,to_review
2613465034wf17ako,622,925,"The person in the image is taking a selfie of their naked body, specifically focusing on their breasts.",Teenager,Sexy pose,Large,No,Neutral,Bathroom,No idea,No information,Close-up,Front,"The image shows a close-up of a person's torso, with their breasts and stomach prominently displayed. The person appears to be naked, and the image is taken from a mirror, capturing the details of their body.",No idea,Chest,Light,No,to_review
4829677453uuzwtha,647,739,"The person in the image is laying on the floor with their legs spread out, possibly posing for a photo.",Middle-aged,Sexy pose,Small,No,No idea,Indoors,No idea,No,Erotic,Front,A naked woman is lying on the floor with her hands on her head.,No idea,Face,Light,No,to_review
3112304149i95w1sc,622,838,The person in the image is sitting down and smiling.,Teenager,Relaxed,Large,Fully nude,Smiling,Indoors,Red,Braid,Portrait,Front,A woman with long braided hair is sitting on a chair and smiling. She has a tattoo on her shoulder and is wearing a white lace top.,No idea,Face,Light,No,to_review
1529718856mxxf4td,559,811,The person in the image is sitting on the floor.,Middle-aged,No idea,Small,No,No idea,Indoors,Blonde,Braid,Portrait,Overhead,A woman wearing a tight black bikini top is sitting on the floor with her legs crossed.,No idea,Chest,Light,No,to_review
572470742f3f8ptl,528,596,"The person in the image is posing for a picture, with their back to the camera.",Teenager,Sexy pose,Small,No,Neutral,Indoors,Brown,Wavy,Erotic,Overhead,"A woman with long dark hair is posing in a lingerie outfit, with her back to the camera. She is wearing a black bra and underwear, and her body is oriented towards the left side of the image.",No idea,Butt,Light,No,to_review
502961364002bo4j3,764,558,"The person in the image is laying on a bed, possibly relaxing or resting.",Young adult,Lying down,Small,Fully nude,No facial expression,Indoors,No idea,No information,Portrait,No information,"A woman is lying on a bed, wearing a blue dress. She is resting her legs on the bed and appears to be in a relaxed position.",No idea,Legs,Light,No,to_review
4114232730bhi3gbx,624,647,"The person in the image is holding a skirt up to their underwear, possibly to show it off or to adjust it.",Teenager,Exposing,Small,Toeless,Neutral,Indoors,No idea,No idea,Close-up,Front,"A person is wearing a brown skirt and a white sweater. The person is holding the skirt with their hands, and the sweater is visible above the skirt.",No idea,Legs,Light,No,to_review
59296110008tw6qi0,762,529,"The person in the image is laying on a bed, possibly in a provocative or sensual position.",Teenager,Sexy pose,Small,No,No idea,Indoors,Black,No,Candid,No,"A woman is lying on a bed with her back to the camera, wearing black lingerie.",No,Butt,Light,No,to_review
0312461455nespw7r,768,534,"The person in the image is laying on a bed, possibly posing for a photo.",Teenager,Sexy pose,Small,No,No idea,Indoors,No idea,No,Erotic,Front,A woman is lying on a bed with her hands on her stomach.,No idea,Butt,Light,No,to_review
36298177367srdrzk,595,761,The person in the image is posing for a picture while sitting on a bed.,Senior,Naked,Large,No,Smile,Indoors,Blonde,Straight,Portrait,Front,"A woman is sitting on the floor in a room, posing for a picture. She is wearing a headband and appears to be in a relaxed position. There is a TV in the background, and a pair of shoes can be seen near the TV.",No idea,Face,Light,No,to_review
2324159147x143256,590,590,The person in the image is sitting on a bed.,Middle-aged,Sexy pose,Large,No,No idea,Indoors,Blonde,No idea,Erotic,Overhead,A woman wearing a black dress and stockings is sitting on a bed. She has her hands on her lap and is looking up.,No idea,Chest,Light,Watch,to_review
5429487359h3bg3g7,657,866,The person in the image is laying on a bed and showing off her cleavage.,Middle-aged,Sexy pose,Large,No,No idea,Indoors,Brown,Curly,Erotic,Front,"A woman with tattoos on her body is lying on a bed, wearing a bra and panties. She has her feet up and appears to be in a relaxed position.",No idea,Face,Light,No,to_review
5822050312z99itdl,600,624,The person in the image is sitting on a couch with their arms up and their chest exposed.,Middle-aged,Sexy pose,Large,No,Smiling,Indoors,No idea,No,Portrait,Front,A woman is sitting on a couch with her arms up and her chest exposed. She appears to be in a relaxed and comfortable position.,No,Butt,Light,No,to_review
38298016514npybgl,782,538,The person in the image is laying on a bed and holding a toy or a toy gun.,Teenager,Exposing,Small,No,Neutral,Indoors,No idea,No,Erotic,No,"A woman is lying on a bed, holding a toy in her hands.",No idea,Butt,Light,Bracelet,to_review
2813465209okne9s0,588,825,"The person in the image is posing for a picture, standing in a room with a bare chest and wearing a pink bra.",Middle-aged,Standing,Small,No,Smile,Indoors,Blonde,No idea,Portrait,Front,A woman wearing a pink lace bra and underwear stands in a room with a dining table and chairs.,No idea,Face,Light,No,to_review
481545210f5k1irr,864,855,The person in the image is taking a selfie using their cell phone.,Middle-aged,Exposing,Small,No,No idea,Bathroom,Brown,No idea,Candid,Front,"A woman is taking a selfie in a mirror, holding her breasts up to the camera. She is wearing a white tank top and appears to be in a bathroom setting.",No idea,Chest,Light,Bracelet,to_review
5329795652m8oe91v,720,660,"The person in the image is laying on a bed, possibly in a vulnerable or intimate position.",Senior,Sexy pose,Small,No,No idea,Indoors,Brown,No idea,Erotic,No information,"A woman is lying on a bed with her legs bent over, wearing a red and black outfit. She appears to be in a relaxed position, possibly enjoying a moment of intimacy or playfulness.",No idea,Butt,Light,No,to_review
3514418612reed26u,996,728,"The person in the image is laying on a bed, possibly on a couch, with their legs up and a white sheet covering them.",Teenager,Lying down,Small,Toeless,Neutral,Indoors,Brown,No idea,Candid,Front,"A woman is lying on a bed with her legs up in the air. She is wearing a white dress and appears to be enjoying her time. The bed is covered with a white sheet and a red blanket. There is a pillow on the bed, and a bottle is placed nearby.",No idea,No,Light,No,to_review
2414196724w72n8rg,732,832,The person in the image is standing in a field with their hands on their hips.,No idea,Sexy pose,Small,Toeless,Neutral,Outdoors,No idea,No idea,Close-up,Front,A woman wearing blue pants stands in a field of tall grass.,No idea,No,Light,No,to_review
2510323945b7m37xe,668,891,The person in the image is taking a selfie using a cell phone.,Teenager,Naked,Small,No,Smiling,Indoors,Brown,No idea,Candid,Front,"A woman is taking a selfie in a bedroom. She is bare-chested and appears to be using her cell phone to capture the moment. The room has a bed, a dresser, and a mirror. There are also two bottles visible in the room.",No idea,Face,Light,No,to_review
2522481716ui9uazf,1092,837,"The person in the image is laying on a bed, possibly in a relaxed or intimate position.",Teenager,Lying down,Small,No,No idea,Indoors,No idea,No idea,Close-up,No information,"A woman is lying on a bed, wearing a blue shirt and a black bikini top. She appears to be enjoying her time and is relaxed.",No idea,Butt,Light,No,to_review
0329772007ywv8ldx,528,635,The person in the image is sitting on a couch with their legs crossed.,No idea,Sexy pose,Small,Toeless,Neutral,Indoors,No idea,No idea,Portrait,No idea,A woman is sitting on a red couch with her legs crossed. She is wearing a black and white patterned bra and black sandals.,No idea,Chest,Light,No,to_review
363247572575v9773,629,816,The person in the image is posing for a picture while being naked in front of a wooden wall.,Young adult,Sexy pose,Small,No,No idea,Indoors,Blonde,No idea,Portrait,Front,"A woman is posing for a photo in front of a wooden wall. She is bare-chested and has a tattoo on her lower abdomen. The woman is standing with her hands on her chest, and she appears to be smiling.",No idea,Chest,Light,No,to_review
2523068522x8qzmfb,546,895,"The person in the image is posing for a picture, wearing a bikini and showing off her breasts.",Middle-aged,Sexy pose,Large,No,Neutral,Indoors,Blond,Wavy,Portrait,Front,A woman wearing a bikini top and underwear is standing in a room. She has her hands on her chest and her face is covered with a green cloth.,No idea,Face,Light,No,to_review
1431169932qd20hdq,607,847,"The person in the image is posing on a bed, wearing a white dress and high heels.",Middle-aged,Sexy pose,Small,No,No idea,Indoors,Blonde,No idea,Erotic,Front,"A woman is sitting on a bed with her legs crossed and her bare chest exposed. She is wearing a white dress and high heels. The bed is covered with a white sheet and a red pillow. The woman is posing for the camera, and the background features a painting.",No idea,Butt,Light,No,to_review
3729807341p8dc3v7,943,634,"The person in the image is lying on a bed, wearing a blue lace top, and has her hands on her chest.",Young adult,Lying down,Small,No,Smiling,Indoors,Brown,No idea,Candid,No idea,"A woman is lying on a bed with her arms and legs spread out. She is wearing a blue lace top and has her nails painted red. The woman appears to be in a relaxed and comfortable position, possibly enjoying a moment of leisure or intimacy.",No idea,Face,Light,Watch,to_review
492181413ijxruf3,570,753,"The person in the image is touching their own intimate area, specifically their private parts.",Middle-aged,No idea,Small,No,Neutral,Indoors,No idea,No,Close-up,Front,"A person's hand is resting on a woman's lower body, possibly on her butt. The woman appears to be wearing a ring on her finger.",No idea,Butt,Light,Ring,to_review
055669346wqnf0ht,566,598,The person in the image is sitting on a bed.,Young adult,Sexy pose,Small,No,No idea,Indoors,Brown,No,Portrait,Front,A woman is sitting on a bed with her legs crossed.,No idea,Legs,Light,No,to_review
